,Time,TPU_cores
0,1651064158,88
1,1651064188,88
2,1651064218,88
3,1651064248,112
4,1651064278,120
5,1651064308,120
6,1651064338,120
7,1651064368,120
8,1651064398,112
9,1651064428,112
10,1651064458,112
11,1651064488,112
12,1651064518,120
13,1651064548,120
14,1651064578,120
15,1651064608,120
16,1651064638,120
17,1651064668,120
18,1651064698,120
19,1651064728,120
20,1651064758,120
21,1651064788,120
22,1651064818,120
23,1651064848,120
24,1651064878,120
25,1651064908,120
26,1651064938,120
27,1651064968,120
28,1651064998,120
29,1651065028,120
30,1651065058,120
31,1651065088,120
32,1651065118,120
33,1651065148,120
34,1651065178,120
35,1651065208,120
36,1651065238,120
37,1651065268,120
38,1651065298,120
39,1651065328,120
40,1651065358,120
41,1651065388,120
42,1651065418,120
43,1651065448,120
44,1651065478,120
45,1651065508,120
46,1651065538,120
47,1651065568,120
48,1651065598,120
49,1651065628,120
50,1651065658,120
51,1651065688,120
52,1651065718,120
53,1651065748,120
54,1651065778,120
55,1651065808,120
56,1651065838,120
57,1651065868,120
58,1651065898,120
59,1651065928,120
60,1651065958,120
61,1651065988,120
62,1651066018,120
63,1651066048,120
64,1651066078,120
65,1651066108,120
66,1651066138,120
67,1651066168,120
68,1651066198,120
69,1651066228,120
70,1651066258,120
71,1651066288,120
72,1651066318,120
73,1651066348,120
74,1651066378,120
75,1651066408,120
76,1651066438,120
77,1651066468,120
78,1651066498,120
79,1651066528,120
80,1651066558,120
81,1651066588,120
82,1651066618,120
83,1651066648,120
84,1651066678,120
85,1651066708,120
86,1651066738,120
87,1651066768,120
88,1651066798,120
89,1651066828,120
90,1651066858,120
91,1651066888,120
92,1651066918,120
93,1651066948,120
94,1651066978,120
95,1651067008,120
96,1651067038,120
97,1651067068,120
98,1651067098,120
99,1651067128,120
100,1651067158,120
101,1651067188,120
102,1651067218,120
103,1651067248,120
104,1651067278,120
105,1651067308,120
106,1651067338,120
107,1651067368,120
108,1651067398,120
109,1651067428,120
110,1651067458,120
111,1651067488,120
112,1651067518,120
113,1651067548,120
114,1651067578,120
115,1651067608,120
116,1651067638,120
117,1651067668,120
118,1651067698,120
119,1651067728,120
120,1651067758,120
121,1651067788,120
122,1651067818,120
123,1651067848,120
124,1651067878,120
125,1651067908,120
126,1651067938,120
127,1651067968,120
128,1651067998,120
129,1651068028,120
130,1651068058,120
131,1651068088,120
132,1651068118,120
133,1651068148,120
134,1651068178,120
135,1651068208,120
136,1651068238,120
137,1651068268,120
138,1651068298,120
139,1651068328,120
140,1651068358,120
141,1651068388,120
142,1651068418,120
143,1651068448,120
144,1651068478,120
145,1651068508,120
146,1651068538,120
147,1651068568,120
148,1651068598,120
149,1651068628,120
150,1651068658,120
151,1651068688,120
152,1651068718,120
153,1651068748,120
154,1651068778,120
155,1651068808,120
156,1651068838,120
157,1651068868,120
158,1651068898,120
159,1651068928,120
160,1651068958,120
161,1651068988,120
162,1651069018,120
163,1651069048,120
164,1651069078,120
165,1651069108,120
166,1651069138,120
167,1651069168,120
168,1651069198,120
169,1651069228,120
170,1651069258,120
171,1651069288,120
172,1651069318,120
173,1651069348,120
174,1651069378,120
175,1651069408,120
176,1651069438,120
177,1651069468,120
178,1651069498,120
179,1651069528,120
180,1651069558,120
181,1651069588,120
182,1651069618,120
183,1651069648,120
184,1651069678,120
185,1651069708,120
186,1651069738,120
187,1651069768,120
188,1651069798,120
189,1651069828,120
190,1651069858,120
191,1651069888,120
192,1651069918,120
193,1651069948,120
194,1651069978,120
195,1651070008,120
196,1651070038,120
197,1651070068,120
198,1651070098,120
199,1651070128,120
200,1651070158,120
201,1651070188,120
202,1651070218,120
203,1651070248,120
204,1651070278,120
205,1651070308,120
206,1651070338,120
207,1651070368,120
208,1651070398,120
209,1651070428,120
210,1651070458,120
211,1651070488,120
212,1651070518,120
213,1651070548,120
214,1651070578,120
215,1651070608,120
216,1651070638,120
217,1651070668,120
218,1651070698,120
219,1651070728,120
220,1651070758,120
221,1651070788,120
222,1651070818,120
223,1651070848,120
224,1651070878,120
225,1651070908,120
226,1651070938,120
227,1651070968,120
228,1651070998,120
229,1651071028,120
230,1651071058,120
231,1651071088,120
232,1651071118,120
233,1651071148,120
234,1651071178,120
235,1651071208,120
236,1651071238,120
237,1651071268,120
238,1651071298,120
239,1651071328,120
240,1651071358,120
241,1651071388,120
242,1651071418,120
243,1651071448,120
244,1651071478,120
245,1651071508,120
246,1651071538,120
247,1651071568,120
248,1651071598,120
249,1651071628,120
250,1651071658,120
251,1651071688,120
252,1651071718,120
253,1651071748,120
254,1651071778,120
255,1651071808,120
256,1651071838,120
257,1651071868,120
258,1651071898,120
259,1651071928,120
260,1651071958,120
261,1651071988,120
262,1651072018,120
263,1651072048,120
264,1651072078,120
265,1651072108,120
266,1651072138,120
267,1651072168,120
268,1651072198,120
269,1651072228,120
270,1651072258,120
271,1651072288,120
272,1651072318,120
273,1651072348,120
274,1651072378,120
275,1651072408,120
276,1651072438,120
277,1651072468,120
278,1651072498,120
279,1651072528,120
280,1651072558,120
281,1651072588,120
282,1651072618,120
283,1651072648,120
284,1651072678,120
285,1651072708,120
286,1651072738,120
287,1651072768,120
288,1651072798,120
289,1651072828,120
290,1651072858,120
291,1651072888,120
292,1651072918,120
293,1651072948,120
294,1651072978,120
295,1651073008,120
296,1651073038,120
297,1651073068,120
298,1651073098,120
299,1651073128,120
300,1651073158,120
301,1651073188,120
302,1651073218,120
303,1651073248,120
304,1651073278,120
305,1651073308,120
306,1651073338,120
307,1651073368,120
308,1651073398,120
309,1651073428,120
310,1651073458,120
311,1651073488,120
312,1651073518,120
313,1651073548,120
314,1651073578,120
315,1651073608,120
316,1651073638,120
317,1651073668,120
318,1651073698,120
319,1651073728,120
320,1651073758,120
321,1651073788,120
322,1651073818,120
323,1651073848,120
324,1651073878,120
325,1651073908,120
326,1651073938,120
327,1651073968,120
328,1651073998,120
329,1651074028,120
330,1651074058,120
331,1651074088,120
332,1651074118,120
333,1651074148,120
334,1651074178,120
335,1651074208,120
336,1651074238,120
337,1651074268,120
338,1651074298,120
339,1651074328,120
340,1651074358,120
341,1651074388,120
342,1651074418,120
343,1651074448,120
344,1651074478,120
345,1651074508,120
346,1651074538,120
347,1651074568,120
348,1651074598,80
349,1651074628,80
350,1651074658,80
351,1651074688,80
352,1651074718,80
353,1651074748,80
354,1651074778,80
355,1651074808,80
356,1651074838,80
357,1651074868,80
358,1651074898,80
359,1651074928,80
360,1651074958,80
361,1651074988,80
362,1651075018,80
363,1651075048,80
364,1651075078,80
365,1651075108,80
366,1651075138,80
367,1651075168,80
368,1651075198,80
369,1651075228,80
370,1651075258,80
371,1651075288,80
372,1651075318,80
373,1651075348,120
374,1651075378,120
375,1651075408,120
376,1651075438,120
377,1651075468,120
378,1651075498,120
379,1651075528,120
380,1651075558,120
381,1651075588,120
382,1651075618,120
383,1651075648,120
384,1651075678,120
385,1651075708,120
386,1651075738,120
387,1651075768,120
388,1651075798,120
389,1651075828,120
390,1651075858,120
391,1651075888,120
392,1651075918,120
393,1651075948,120
394,1651075978,120
395,1651076008,120
396,1651076038,120
397,1651076068,120
398,1651076098,120
399,1651076128,120
400,1651076158,120
401,1651076188,120
402,1651076218,120
403,1651076248,120
404,1651076278,120
405,1651076308,120
406,1651076338,120
407,1651076368,120
408,1651076398,120
409,1651076428,120
410,1651076458,120
411,1651076488,120
412,1651076518,120
413,1651076548,112
414,1651076578,104
415,1651076608,104
416,1651076638,104
417,1651076668,88
418,1651076698,88
419,1651076728,88
420,1651076758,80
421,1651076788,88
422,1651076818,88
423,1651076848,88
424,1651076878,88
425,1651076908,88
426,1651076938,88
427,1651076968,88
428,1651076998,80
429,1651077028,80
430,1651077058,80
431,1651077088,80
432,1651077118,72
433,1651077148,72
434,1651077178,72
435,1651077208,72
436,1651077238,80
437,1651077268,80
438,1651077298,80
439,1651077328,80
440,1651077358,80
441,1651077388,72
442,1651077418,72
443,1651077448,72
444,1651077478,72
445,1651077508,80
446,1651077538,72
447,1651077568,72
448,1651077598,72
449,1651077628,72
450,1651077658,72
451,1651077688,72
452,1651077718,72
453,1651077748,72
454,1651077778,64
455,1651077808,56
456,1651077838,56
457,1651077868,64
458,1651077898,64
459,1651077928,64
460,1651077958,64
461,1651077988,64
462,1651078018,56
463,1651078048,56
464,1651078078,56
465,1651078108,56
466,1651078138,56
467,1651078168,56
468,1651078198,56
469,1651078228,48
470,1651078258,48
471,1651078288,48
472,1651078318,48
473,1651078348,48
474,1651078378,48
475,1651078408,48
476,1651078438,48
477,1651078468,48
478,1651078498,48
479,1651078528,48
480,1651078558,48
481,1651078588,48
482,1651078618,48
483,1651078648,48
484,1651078678,48
485,1651078708,48
486,1651078738,48
487,1651078768,48
488,1651078798,48
489,1651078828,48
490,1651078858,48
491,1651078888,48
492,1651078918,48
493,1651078948,48
494,1651078978,48
495,1651079008,48
496,1651079038,48
497,1651079068,48
498,1651079098,48
499,1651079128,48
500,1651079158,48
501,1651079188,48
502,1651079218,48
503,1651079248,48
504,1651079278,48
505,1651079308,48
506,1651079338,48
507,1651079368,48
508,1651079398,48
509,1651079428,48
510,1651079458,48
511,1651079488,48
512,1651079518,48
513,1651079548,48
514,1651079578,48
515,1651079608,48
516,1651079638,48
517,1651079668,48
518,1651079698,48
519,1651079728,48
520,1651079758,48
521,1651079788,48
522,1651079818,48
523,1651079848,48
524,1651079878,48
525,1651079908,48
526,1651079938,48
527,1651079968,48
528,1651079998,48
529,1651080028,48
530,1651080058,48
531,1651080088,48
532,1651080118,48
533,1651080148,48
534,1651080178,48
535,1651080208,48
536,1651080238,48
537,1651080268,48
538,1651080298,48
539,1651080328,48
540,1651080358,48
541,1651080388,48
542,1651080418,48
543,1651080448,48
544,1651080478,48
545,1651080508,48
546,1651080538,48
547,1651080568,48
548,1651080598,48
549,1651080628,48
550,1651080658,48
551,1651080688,48
552,1651080718,48
553,1651080748,48
554,1651080778,48
555,1651080808,48
556,1651080838,48
557,1651080868,48
558,1651080898,48
559,1651080928,48
560,1651080958,48
561,1651080988,48
562,1651081018,48
563,1651081048,48
564,1651081078,48
565,1651081108,48
566,1651081138,48
567,1651081168,48
568,1651081198,48
569,1651081228,48
570,1651081258,48
571,1651081288,48
572,1651081318,48
573,1651081348,48
574,1651081378,48
575,1651081408,48
576,1651081438,48
577,1651081468,48
578,1651081498,48
579,1651081528,48
580,1651081558,48
581,1651081588,48
582,1651081618,48
583,1651081648,48
584,1651081678,48
585,1651081708,48
586,1651081738,48
587,1651081768,48
588,1651081798,48
589,1651081828,48
590,1651081858,48
591,1651081888,48
592,1651081918,48
593,1651081948,48
594,1651081978,48
595,1651082008,48
596,1651082038,48
597,1651082068,48
598,1651082098,48
599,1651082128,48
600,1651082158,48
601,1651082188,48
602,1651082218,48
603,1651082248,48
604,1651082278,48
605,1651082308,48
606,1651082338,48
607,1651082368,40
608,1651082398,40
609,1651082428,40
610,1651082458,40
611,1651082488,48
612,1651082518,48
613,1651082548,48
614,1651082578,48
615,1651082608,48
616,1651082638,48
617,1651082668,48
618,1651082698,48
619,1651082728,48
620,1651082758,48
621,1651082788,48
622,1651082818,48
623,1651082848,48
624,1651082878,48
625,1651082908,40
626,1651082938,40
627,1651082968,40
628,1651082998,40
629,1651083028,40
630,1651083058,40
631,1651083088,40
632,1651083118,40
633,1651083148,40
634,1651083178,40
635,1651083208,40
636,1651083238,40
637,1651083268,40
638,1651083298,40
639,1651083328,40
640,1651083358,40
641,1651083388,40
642,1651083418,40
643,1651083448,40
644,1651083478,40
645,1651083508,40
646,1651083538,40
647,1651083568,40
648,1651083598,40
649,1651083628,40
650,1651083658,40
651,1651083688,40
652,1651083718,40
653,1651083748,40
654,1651083778,40
655,1651083808,32
656,1651083838,32
657,1651083868,32
658,1651083898,32
659,1651083928,40
660,1651083958,40
661,1651083988,32
662,1651084018,32
663,1651084048,32
664,1651084078,32
665,1651084108,40
666,1651084138,40
667,1651084168,40
668,1651084198,40
669,1651084228,40
670,1651084258,40
671,1651084288,40
672,1651084318,40
673,1651084348,40
674,1651084378,40
675,1651084408,40
676,1651084438,40
677,1651084468,32
678,1651084498,32
679,1651084528,32
680,1651084558,32
681,1651084588,40
682,1651084618,40
683,1651084648,40
684,1651084678,40
685,1651084708,40
686,1651084738,40
687,1651084768,40
688,1651084798,40
689,1651084828,40
690,1651084858,40
691,1651084888,40
692,1651084918,40
693,1651084948,40
694,1651084978,40
695,1651085008,40
696,1651085038,40
697,1651085068,40
698,1651085098,40
699,1651085128,40
700,1651085158,40
701,1651085188,40
702,1651085218,40
703,1651085248,40
704,1651085278,40
705,1651085308,40
706,1651085338,40
707,1651085368,32
708,1651085398,32
709,1651085428,32
710,1651085458,32
711,1651085488,40
712,1651085518,40
713,1651085548,40
714,1651085578,40
715,1651085608,40
716,1651085638,40
717,1651085668,40
718,1651085698,32
719,1651085728,32
720,1651085758,32
721,1651085788,32
722,1651085818,32
723,1651085848,32
724,1651085878,32
725,1651085908,32
726,1651085938,32
727,1651085968,32
728,1651085998,32
729,1651086028,40
730,1651086058,40
731,1651086088,32
732,1651086118,32
733,1651086148,32
734,1651086178,32
735,1651086208,40
736,1651086238,40
737,1651086268,40
738,1651086298,40
739,1651086328,40
740,1651086358,40
741,1651086388,40
742,1651086418,32
743,1651086448,32
744,1651086478,32
745,1651086508,32
746,1651086538,32
747,1651086568,32
748,1651086598,32
749,1651086628,32
750,1651086658,32
751,1651086688,32
752,1651086718,32
753,1651086748,40
754,1651086778,40
755,1651086808,32
756,1651086838,32
757,1651086868,32
758,1651086898,32
759,1651086928,40
760,1651086958,40
761,1651086988,40
762,1651087018,40
763,1651087048,40
764,1651087078,40
765,1651087108,40
766,1651087138,32
767,1651087168,32
768,1651087198,32
769,1651087228,40
770,1651087258,40
771,1651087288,40
772,1651087318,40
773,1651087348,40
774,1651087378,40
775,1651087408,40
776,1651087438,32
777,1651087468,32
778,1651087498,32
779,1651087528,40
780,1651087558,40
781,1651087588,40
782,1651087618,40
783,1651087648,40
784,1651087678,40
785,1651087708,40
786,1651087738,40
787,1651087768,40
788,1651087798,32
789,1651087828,32
790,1651087858,32
791,1651087888,32
792,1651087918,40
793,1651087948,40
794,1651087978,40
795,1651088008,40
796,1651088038,40
797,1651088068,40
798,1651088098,40
799,1651088128,40
800,1651088158,40
801,1651088188,40
802,1651088218,40
803,1651088248,40
804,1651088278,40
805,1651088308,32
806,1651088338,32
807,1651088368,32
808,1651088398,32
809,1651088428,32
810,1651088458,32
811,1651088488,32
812,1651088518,32
813,1651088548,32
814,1651088578,32
815,1651088608,32
816,1651088638,32
817,1651088668,32
818,1651088698,32
819,1651088728,32
820,1651088758,32
821,1651088788,32
822,1651088818,32
823,1651088848,32
824,1651088878,32
825,1651088908,32
826,1651088938,32
827,1651088968,32
828,1651088998,32
829,1651089028,32
830,1651089058,32
831,1651089088,32
832,1651089118,32
833,1651089148,32
834,1651089178,32
835,1651089208,32
836,1651089238,32
837,1651089268,32
838,1651089298,32
839,1651089328,32
840,1651089358,32
841,1651089388,32
842,1651089418,32
843,1651089448,32
844,1651089478,32
845,1651089508,32
846,1651089538,32
847,1651089568,32
848,1651089598,32
849,1651089628,32
850,1651089658,24
851,1651089688,24
852,1651089718,24
853,1651089748,24
854,1651089778,24
855,1651089808,24
856,1651089838,24
857,1651089868,24
858,1651089898,24
859,1651089928,24
860,1651089958,24
861,1651089988,24
862,1651090018,24
863,1651090048,24
864,1651090078,24
865,1651090108,24
866,1651090138,24
867,1651090168,24
868,1651090198,24
869,1651090228,24
870,1651090258,24
871,1651090288,24
872,1651090318,24
873,1651090348,24
874,1651090378,24
875,1651090408,24
876,1651090438,24
877,1651090468,24
878,1651090498,24
879,1651090528,24
880,1651090558,24
881,1651090588,24
882,1651090618,24
883,1651090648,24
884,1651090678,24
885,1651090708,24
886,1651090738,24
887,1651090768,24
888,1651090798,24
889,1651090828,24
890,1651090858,24
891,1651090888,24
892,1651090918,24
893,1651090948,24
894,1651090978,24
895,1651091008,24
896,1651091038,24
897,1651091068,24
898,1651091098,24
899,1651091128,24
900,1651091158,24
901,1651091188,24
902,1651091218,24
903,1651091248,24
904,1651091278,24
905,1651091308,24
906,1651091338,24
907,1651091368,24
908,1651091398,24
909,1651091428,24
910,1651091458,24
911,1651091488,24
912,1651091518,24
913,1651091548,24
914,1651091578,24
915,1651091608,24
916,1651091638,24
917,1651091668,24
918,1651091698,24
919,1651091728,24
920,1651091758,24
921,1651091788,24
922,1651091818,24
923,1651091848,24
924,1651091878,24
925,1651091908,24
926,1651091938,24
927,1651091968,24
928,1651091998,24
929,1651092028,24
930,1651092058,24
931,1651092088,24
932,1651092118,24
933,1651092148,24
934,1651092178,24
935,1651092208,24
936,1651092238,24
937,1651092268,24
938,1651092298,24
939,1651092328,24
940,1651092358,24
941,1651092388,24
942,1651092418,24
943,1651092448,24
944,1651092478,24
945,1651092508,24
946,1651092538,24
947,1651092568,24
948,1651092598,24
949,1651092628,24
950,1651092658,24
951,1651092688,24
952,1651092718,24
953,1651092748,24
954,1651092778,24
955,1651092808,24
956,1651092838,24
957,1651092868,24
958,1651092898,24
959,1651092928,24
960,1651092958,24
961,1651092988,24
962,1651093018,24
963,1651093048,24
964,1651093078,24
965,1651093108,24
966,1651093138,24
967,1651093168,24
968,1651093198,24
969,1651093228,24
970,1651093258,24
971,1651093288,24
972,1651093318,24
973,1651093348,24
974,1651093378,24
975,1651093408,24
976,1651093438,24
977,1651093468,24
978,1651093498,24
979,1651093528,24
980,1651093558,24
981,1651093588,24
982,1651093618,24
983,1651093648,24
984,1651093678,24
985,1651093708,24
986,1651093738,24
987,1651093768,24
988,1651093798,24
989,1651093828,24
990,1651093858,24
991,1651093888,24
992,1651093918,24
993,1651093948,24
994,1651093978,24
995,1651094008,24
996,1651094038,24
997,1651094068,24
998,1651094098,24
999,1651094128,24
1000,1651094158,24
1001,1651094188,24
1002,1651094218,24
1003,1651094248,24
1004,1651094278,24
1005,1651094308,24
1006,1651094338,24
1007,1651094368,24
1008,1651094398,24
1009,1651094428,24
1010,1651094458,24
1011,1651094488,24
1012,1651094518,24
1013,1651094548,24
1014,1651094578,24
1015,1651094608,24
1016,1651094638,24
1017,1651094668,24
1018,1651094698,24
1019,1651094728,24
1020,1651094758,24
1021,1651094788,24
1022,1651094818,24
1023,1651094848,24
1024,1651094878,24
1025,1651094908,24
1026,1651094938,24
1027,1651094968,24
1028,1651094998,24
1029,1651095028,24
1030,1651095058,24
1031,1651095088,24
1032,1651095118,24
1033,1651095148,24
1034,1651095178,24
1035,1651095208,24
1036,1651095238,24
1037,1651095268,24
1038,1651095298,24
1039,1651095328,24
1040,1651095358,24
1041,1651095388,24
1042,1651095418,24
1043,1651095448,24
1044,1651095478,24
1045,1651095508,24
1046,1651095538,24
1047,1651095568,24
1048,1651095598,24
1049,1651095628,24
1050,1651095658,24
1051,1651095688,24
1052,1651095718,24
1053,1651095748,24
1054,1651095778,24
1055,1651095808,24
1056,1651095838,24
1057,1651095868,24
1058,1651095898,24
1059,1651095928,24
1060,1651095958,24
1061,1651095988,24
1062,1651096018,24
1063,1651096048,24
1064,1651096078,24
1065,1651096108,24
1066,1651096138,24
1067,1651096168,24
1068,1651096198,24
1069,1651096228,24
1070,1651096258,24
1071,1651096288,24
1072,1651096318,24
1073,1651096348,24
1074,1651096378,24
1075,1651096408,24
1076,1651096438,24
1077,1651096468,24
1078,1651096498,24
1079,1651096528,24
1080,1651096558,24
1081,1651096588,24
1082,1651096618,24
1083,1651096648,24
1084,1651096678,24
1085,1651096708,24
1086,1651096738,24
1087,1651096768,24
1088,1651096798,24
1089,1651096828,24
1090,1651096858,24
1091,1651096888,24
1092,1651096918,24
1093,1651096948,24
1094,1651096978,24
1095,1651097008,24
1096,1651097038,24
1097,1651097068,24
1098,1651097098,24
1099,1651097128,24
1100,1651097158,24
1101,1651097188,56
1102,1651097218,56
1103,1651097248,32
1104,1651097278,56
1105,1651097308,56
1106,1651097338,56
1107,1651097368,72
1108,1651097398,72
1109,1651097428,72
1110,1651097458,56
1111,1651097488,64
1112,1651097518,64
1113,1651097548,48
1114,1651097578,56
1115,1651097608,56
1116,1651097638,56
1117,1651097668,80
1118,1651097698,80
1119,1651097728,80
1120,1651097758,80
1121,1651097788,80
1122,1651097818,80
1123,1651097848,64
1124,1651097878,64
1125,1651097908,64
1126,1651097938,72
1127,1651097968,72
1128,1651097998,72
1129,1651098028,72
1130,1651098058,72
1131,1651098088,72
1132,1651098118,72
1133,1651098148,72
1134,1651098178,72
1135,1651098208,72
1136,1651098238,72
1137,1651098268,40
1138,1651098298,40
1139,1651098328,40
1140,1651098358,40
1141,1651098388,72
1142,1651098418,72
1143,1651098448,72
1144,1651098478,72
1145,1651098508,72
1146,1651098538,72
1147,1651098568,72
1148,1651098598,72
1149,1651098628,72
1150,1651098658,72
1151,1651098688,64
1152,1651098718,64
1153,1651098748,64
1154,1651098778,64
1155,1651098808,72
1156,1651098838,72
1157,1651098868,72
1158,1651098898,72
1159,1651098928,72
1160,1651098958,72
1161,1651098988,72
1162,1651099018,72
1163,1651099048,72
1164,1651099078,72
1165,1651099108,64
1166,1651099138,64
1167,1651099168,64
1168,1651099198,64
1169,1651099228,64
1170,1651099258,64
1171,1651099288,64
1172,1651099318,64
1173,1651099348,64
1174,1651099378,64
1175,1651099408,64
1176,1651099438,64
1177,1651099468,64
1178,1651099498,64
1179,1651099528,64
1180,1651099558,64
1181,1651099588,64
1182,1651099618,64
1183,1651099648,64
1184,1651099678,64
1185,1651099708,64
1186,1651099738,64
1187,1651099768,64
1188,1651099798,64
1189,1651099828,64
1190,1651099858,64
1191,1651099888,64
1192,1651099918,64
1193,1651099948,64
1194,1651099978,64
1195,1651100008,64
1196,1651100038,64
1197,1651100068,64
1198,1651100098,64
1199,1651100128,64
1200,1651100158,64
1201,1651100188,64
1202,1651100218,64
1203,1651100248,64
1204,1651100278,64
1205,1651100308,64
1206,1651100338,64
1207,1651100368,64
1208,1651100398,64
1209,1651100428,64
1210,1651100458,64
1211,1651100488,64
1212,1651100518,64
1213,1651100548,64
1214,1651100578,64
1215,1651100608,64
1216,1651100638,64
1217,1651100668,64
1218,1651100698,64
1219,1651100728,64
1220,1651100758,64
1221,1651100788,64
1222,1651100818,64
1223,1651100848,64
1224,1651100878,64
1225,1651100908,64
1226,1651100938,64
1227,1651100968,64
1228,1651100998,64
1229,1651101028,64
1230,1651101058,64
1231,1651101088,64
1232,1651101118,64
1233,1651101148,64
1234,1651101178,64
1235,1651101208,64
1236,1651101238,64
1237,1651101268,64
1238,1651101298,64
1239,1651101328,64
1240,1651101358,64
1241,1651101388,64
1242,1651101418,56
1243,1651101448,56
1244,1651101478,56
1245,1651101508,64
1246,1651101538,64
1247,1651101568,64
1248,1651101598,64
1249,1651101628,64
1250,1651101658,64
1251,1651101688,64
1252,1651101718,64
1253,1651101748,64
1254,1651101778,64
1255,1651101808,56
1256,1651101838,56
1257,1651101868,56
1258,1651101898,56
1259,1651101928,64
1260,1651101958,64
1261,1651101988,64
1262,1651102018,64
1263,1651102048,64
1264,1651102078,64
1265,1651102108,64
1266,1651102138,64
1267,1651102168,64
1268,1651102198,64
1269,1651102228,64
1270,1651102258,64
1271,1651102288,64
1272,1651102318,64
1273,1651102348,64
1274,1651102378,64
1275,1651102408,64
1276,1651102438,64
1277,1651102468,64
1278,1651102498,64
1279,1651102528,64
1280,1651102558,64
1281,1651102588,64
1282,1651102618,64
1283,1651102648,64
1284,1651102678,64
1285,1651102708,64
1286,1651102738,64
1287,1651102768,64
1288,1651102798,64
1289,1651102828,64
1290,1651102858,64
1291,1651102888,64
1292,1651102918,64
1293,1651102948,56
1294,1651102978,56
1295,1651103008,56
1296,1651103038,64
1297,1651103068,64
1298,1651103098,64
1299,1651103128,64
1300,1651103158,64
1301,1651103188,64
1302,1651103218,64
1303,1651103248,64
1304,1651103278,56
1305,1651103308,56
1306,1651103338,56
1307,1651103368,56
1308,1651103398,56
1309,1651103428,56
1310,1651103458,56
1311,1651103488,56
1312,1651103518,56
1313,1651103548,56
1314,1651103578,56
1315,1651103608,56
1316,1651103638,56
1317,1651103668,56
1318,1651103698,56
1319,1651103728,56
1320,1651103758,56
1321,1651103788,56
1322,1651103818,56
1323,1651103848,56
1324,1651103878,56
1325,1651103908,56
1326,1651103938,56
1327,1651103968,56
1328,1651103998,56
1329,1651104028,56
1330,1651104058,56
1331,1651104088,56
1332,1651104118,56
1333,1651104148,56
1334,1651104178,56
1335,1651104208,56
1336,1651104238,56
1337,1651104268,56
1338,1651104298,56
1339,1651104328,56
1340,1651104358,56
1341,1651104388,56
1342,1651104418,56
1343,1651104448,56
1344,1651104478,56
1345,1651104508,56
1346,1651104538,56
1347,1651104568,56
1348,1651104598,56
1349,1651104628,56
1350,1651104658,56
1351,1651104688,56
1352,1651104718,56
1353,1651104748,56
1354,1651104778,56
1355,1651104808,56
1356,1651104838,56
1357,1651104868,56
1358,1651104898,56
1359,1651104928,56
1360,1651104958,56
1361,1651104988,56
1362,1651105018,56
1363,1651105048,56
1364,1651105078,56
1365,1651105108,56
1366,1651105138,56
1367,1651105168,56
1368,1651105198,56
1369,1651105228,56
1370,1651105258,56
1371,1651105288,56
1372,1651105318,56
1373,1651105348,56
1374,1651105378,56
1375,1651105408,56
1376,1651105438,56
1377,1651105468,56
1378,1651105498,56
1379,1651105528,56
1380,1651105558,56
1381,1651105588,56
1382,1651105618,56
1383,1651105648,56
1384,1651105678,56
1385,1651105708,56
1386,1651105738,56
1387,1651105768,56
1388,1651105798,56
1389,1651105828,56
1390,1651105858,56
1391,1651105888,56
1392,1651105918,56
1393,1651105948,56
1394,1651105978,56
1395,1651106008,56
1396,1651106038,56
1397,1651106068,56
1398,1651106098,56
1399,1651106128,56
1400,1651106158,56
1401,1651106188,56
1402,1651106218,56
1403,1651106248,56
1404,1651106278,56
1405,1651106308,56
1406,1651106338,56
1407,1651106368,56
1408,1651106398,56
1409,1651106428,56
1410,1651106458,56
1411,1651106488,56
1412,1651106518,56
1413,1651106548,56
1414,1651106578,56
1415,1651106608,56
1416,1651106638,56
1417,1651106668,56
1418,1651106698,56
1419,1651106728,56
1420,1651106758,56
1421,1651106788,56
1422,1651106818,56
1423,1651106848,56
1424,1651106878,56
1425,1651106908,56
1426,1651106938,56
1427,1651106968,56
1428,1651106998,56
1429,1651107028,56
1430,1651107058,56
1431,1651107088,56
1432,1651107118,56
1433,1651107148,56
1434,1651107178,56
1435,1651107208,56
1436,1651107238,56
1437,1651107268,56
1438,1651107298,56
1439,1651107328,56
1440,1651107358,56
1441,1651107388,56
1442,1651107418,56
1443,1651107448,56
1444,1651107478,56
1445,1651107508,56
1446,1651107538,56
1447,1651107568,56
1448,1651107598,56
1449,1651107628,56
1450,1651107658,56
1451,1651107688,56
1452,1651107718,56
1453,1651107748,56
1454,1651107778,56
1455,1651107808,56
1456,1651107838,56
1457,1651107868,56
1458,1651107898,56
1459,1651107928,56
1460,1651107958,56
1461,1651107988,56
1462,1651108018,56
1463,1651108048,56
1464,1651108078,56
1465,1651108108,56
1466,1651108138,56
1467,1651108168,56
1468,1651108198,56
1469,1651108228,56
1470,1651108258,56
1471,1651108288,56
1472,1651108318,56
1473,1651108348,56
1474,1651108378,56
1475,1651108408,56
1476,1651108438,56
1477,1651108468,56
1478,1651108498,56
1479,1651108528,56
1480,1651108558,56
1481,1651108588,56
1482,1651108618,56
1483,1651108648,56
1484,1651108678,56
1485,1651108708,56
1486,1651108738,56
1487,1651108768,56
1488,1651108798,56
1489,1651108828,56
1490,1651108858,56
1491,1651108888,56
1492,1651108918,56
1493,1651108948,56
1494,1651108978,56
1495,1651109008,56
1496,1651109038,56
1497,1651109068,56
1498,1651109098,56
1499,1651109128,56
1500,1651109158,56
1501,1651109188,56
1502,1651109218,56
1503,1651109248,56
1504,1651109278,56
1505,1651109308,56
1506,1651109338,56
1507,1651109368,56
1508,1651109398,56
1509,1651109428,56
1510,1651109458,56
1511,1651109488,56
1512,1651109518,56
1513,1651109548,56
1514,1651109578,56
1515,1651109608,56
1516,1651109638,56
1517,1651109668,56
1518,1651109698,56
1519,1651109728,56
1520,1651109758,56
1521,1651109788,56
1522,1651109818,56
1523,1651109848,56
1524,1651109878,56
1525,1651109908,56
1526,1651109938,56
1527,1651109968,56
1528,1651109998,56
1529,1651110028,56
1530,1651110058,56
1531,1651110088,56
1532,1651110118,56
1533,1651110148,56
1534,1651110178,56
1535,1651110208,56
1536,1651110238,56
1537,1651110268,56
1538,1651110298,56
1539,1651110328,56
1540,1651110358,56
1541,1651110388,56
1542,1651110418,56
1543,1651110448,56
1544,1651110478,56
1545,1651110508,56
1546,1651110538,56
1547,1651110568,56
1548,1651110598,56
1549,1651110628,56
1550,1651110658,56
1551,1651110688,56
1552,1651110718,56
1553,1651110748,56
1554,1651110778,56
1555,1651110808,56
1556,1651110838,64
1557,1651110868,72
1558,1651110898,112
1559,1651110928,112
1560,1651110958,112
1561,1651110988,112
1562,1651111018,112
1563,1651111048,104
1564,1651111078,104
1565,1651111108,96
1566,1651111138,104
1567,1651111168,112
1568,1651111198,120
1569,1651111228,120
1570,1651111258,120
1571,1651111288,120
1572,1651111318,120
1573,1651111348,120
1574,1651111378,120
1575,1651111408,112
1576,1651111438,112
1577,1651111468,112
1578,1651111498,120
1579,1651111528,120
1580,1651111558,112
1581,1651111588,112
1582,1651111618,112
1583,1651111648,120
1584,1651111678,120
1585,1651111708,120
1586,1651111738,120
1587,1651111768,112
1588,1651111798,112
1589,1651111828,112
1590,1651111858,120
1591,1651111888,120
1592,1651111918,120
1593,1651111948,120
1594,1651111978,120
1595,1651112008,120
1596,1651112038,112
1597,1651112068,112
1598,1651112098,112
1599,1651112128,120
1600,1651112158,120
1601,1651112188,120
1602,1651112218,120
1603,1651112248,120
1604,1651112278,120
1605,1651112308,120
1606,1651112338,120
1607,1651112368,120
1608,1651112398,120
1609,1651112428,112
1610,1651112458,112
1611,1651112488,112
1612,1651112518,112
1613,1651112548,120
1614,1651112578,120
1615,1651112608,120
1616,1651112638,120
1617,1651112668,120
1618,1651112698,120
1619,1651112728,120
1620,1651112758,120
1621,1651112788,120
1622,1651112818,120
1623,1651112848,120
1624,1651112878,120
1625,1651112908,120
1626,1651112938,120
1627,1651112968,120
1628,1651112998,120
1629,1651113028,120
1630,1651113058,120
1631,1651113088,120
1632,1651113118,120
1633,1651113148,120
1634,1651113178,120
1635,1651113208,120
1636,1651113238,120
1637,1651113268,120
1638,1651113298,120
1639,1651113328,120
1640,1651113358,120
1641,1651113388,120
1642,1651113418,120
1643,1651113448,120
1644,1651113478,120
1645,1651113508,120
1646,1651113538,120
1647,1651113568,120
1648,1651113598,120
1649,1651113628,120
1650,1651113658,120
1651,1651113688,120
1652,1651113718,120
1653,1651113748,120
1654,1651113778,120
1655,1651113808,120
1656,1651113838,120
1657,1651113868,120
1658,1651113898,120
1659,1651113928,120
1660,1651113958,120
1661,1651113988,120
1662,1651114018,120
1663,1651114048,120
1664,1651114078,120
1665,1651114108,120
1666,1651114138,120
1667,1651114168,120
1668,1651114198,120
1669,1651114228,120
1670,1651114258,120
1671,1651114288,120
1672,1651114318,120
1673,1651114348,120
1674,1651114378,120
1675,1651114408,120
1676,1651114438,120
1677,1651114468,120
1678,1651114498,120
1679,1651114528,120
1680,1651114558,112
1681,1651114588,112
1682,1651114618,112
1683,1651114648,112
1684,1651114678,112
1685,1651114708,112
1686,1651114738,112
1687,1651114768,112
1688,1651114798,112
1689,1651114828,112
1690,1651114858,112
1691,1651114888,112
1692,1651114918,112
1693,1651114948,112
1694,1651114978,112
1695,1651115008,112
1696,1651115038,112
1697,1651115068,112
1698,1651115098,112
1699,1651115128,112
1700,1651115158,112
1701,1651115188,112
1702,1651115218,112
1703,1651115248,112
1704,1651115278,112
1705,1651115308,112
1706,1651115338,112
1707,1651115368,112
1708,1651115398,112
1709,1651115428,112
1710,1651115458,112
1711,1651115488,104
1712,1651115518,104
1713,1651115548,104
1714,1651115578,112
1715,1651115608,112
1716,1651115638,112
1717,1651115668,112
1718,1651115698,112
1719,1651115728,112
1720,1651115758,112
1721,1651115788,112
1722,1651115818,104
1723,1651115848,104
1724,1651115878,104
1725,1651115908,112
1726,1651115938,112
1727,1651115968,112
1728,1651115998,112
1729,1651116028,112
1730,1651116058,112
1731,1651116088,112
1732,1651116118,112
1733,1651116148,112
1734,1651116178,112
1735,1651116208,112
1736,1651116238,112
1737,1651116268,112
1738,1651116298,104
1739,1651116328,104
1740,1651116358,104
1741,1651116388,112
1742,1651116418,112
1743,1651116448,112
1744,1651116478,112
1745,1651116508,112
1746,1651116538,112
1747,1651116568,112
1748,1651116598,112
1749,1651116628,112
1750,1651116658,112
1751,1651116688,112
1752,1651116718,112
1753,1651116748,112
1754,1651116778,112
1755,1651116808,112
1756,1651116838,112
1757,1651116868,112
1758,1651116898,112
1759,1651116928,112
1760,1651116958,112
1761,1651116988,112
1762,1651117018,112
1763,1651117048,112
1764,1651117078,112
1765,1651117108,112
1766,1651117138,112
1767,1651117168,112
1768,1651117198,112
1769,1651117228,112
1770,1651117258,112
1771,1651117288,112
1772,1651117318,112
1773,1651117348,112
1774,1651117378,112
1775,1651117408,112
1776,1651117438,112
1777,1651117468,112
1778,1651117498,112
1779,1651117528,112
1780,1651117558,112
1781,1651117588,112
1782,1651117618,112
1783,1651117648,112
1784,1651117678,112
1785,1651117708,112
1786,1651117738,112
1787,1651117768,112
1788,1651117798,112
1789,1651117828,112
1790,1651117858,112
1791,1651117888,112
1792,1651117918,112
1793,1651117948,112
1794,1651117978,112
1795,1651118008,112
1796,1651118038,112
1797,1651118068,112
1798,1651118098,112
1799,1651118128,112
1800,1651118158,112
1801,1651118188,112
1802,1651118218,112
1803,1651118248,112
1804,1651118278,112
1805,1651118308,112
1806,1651118338,112
1807,1651118368,112
1808,1651118398,112
1809,1651118428,112
1810,1651118458,112
1811,1651118488,112
1812,1651118518,112
1813,1651118548,112
1814,1651118578,112
1815,1651118608,112
1816,1651118638,112
1817,1651118668,112
1818,1651118698,112
1819,1651118728,112
1820,1651118758,112
1821,1651118788,112
1822,1651118818,112
1823,1651118848,112
1824,1651118878,112
1825,1651118908,112
1826,1651118938,112
1827,1651118968,112
1828,1651118998,112
1829,1651119028,112
1830,1651119058,112
1831,1651119088,112
1832,1651119118,112
1833,1651119148,112
1834,1651119178,112
1835,1651119208,112
1836,1651119238,112
1837,1651119268,112
1838,1651119298,112
1839,1651119328,112
1840,1651119358,112
1841,1651119388,112
1842,1651119418,112
1843,1651119448,112
1844,1651119478,112
1845,1651119508,112
1846,1651119538,112
1847,1651119568,112
1848,1651119598,112
1849,1651119628,112
1850,1651119658,112
1851,1651119688,112
1852,1651119718,112
1853,1651119748,112
1854,1651119778,112
1855,1651119808,112
1856,1651119838,112
1857,1651119868,112
1858,1651119898,112
1859,1651119928,112
1860,1651119958,112
1861,1651119988,112
1862,1651120018,112
1863,1651120048,112
1864,1651120078,112
1865,1651120108,112
1866,1651120138,112
1867,1651120168,112
1868,1651120198,112
1869,1651120228,112
1870,1651120258,112
1871,1651120288,112
1872,1651120318,112
1873,1651120348,112
1874,1651120378,112
1875,1651120408,112
1876,1651120438,112
1877,1651120468,112
1878,1651120498,112
1879,1651120528,112
1880,1651120558,112
1881,1651120588,112
1882,1651120618,112
1883,1651120648,112
1884,1651120678,112
1885,1651120708,112
1886,1651120738,112
1887,1651120768,112
1888,1651120798,112
1889,1651120828,112
1890,1651120858,112
1891,1651120888,112
1892,1651120918,112
1893,1651120948,112
1894,1651120978,112
1895,1651121008,112
1896,1651121038,112
1897,1651121068,112
1898,1651121098,112
1899,1651121128,112
1900,1651121158,112
1901,1651121188,112
1902,1651121218,112
1903,1651121248,112
1904,1651121278,112
1905,1651121308,112
1906,1651121338,112
1907,1651121368,112
1908,1651121398,112
1909,1651121428,112
1910,1651121458,112
1911,1651121488,112
1912,1651121518,112
1913,1651121548,112
1914,1651121578,112
1915,1651121608,112
1916,1651121638,112
1917,1651121668,112
1918,1651121698,112
1919,1651121728,112
1920,1651121758,112
1921,1651121788,112
1922,1651121818,112
1923,1651121848,112
1924,1651121878,112
1925,1651121908,112
1926,1651121938,112
1927,1651121968,112
1928,1651121998,112
1929,1651122028,112
1930,1651122058,112
1931,1651122088,112
1932,1651122118,112
1933,1651122148,112
